url,RiskScore
http://www.crestonwood.com/router.php,0.8494
http://shadetreetechnology.com/V4/validation/a111aedc8ae390eabcfa130e041a10a4,0.0959
https://support-appleld.com.secureupdate.duilawyeryork.com/ap/89e6a3b4b063b8d/?cmd=_update&dispatch=89e6a3b4b063b8d1b&locale=_,0.84
http://rgipt.ac.in,0.7935
http://www.iracing.com/tracks/gateway-motorsports-park/,0.3819
http://appleid.apple.com-app.es/,0.0504
http://www.mutuo.it,0.0875
http://www.shadetreetechnology.com/V4/validation/ba4b8bddd7958ecb8772c836c2969531,0.5326
http://vamoaestudiarmedicina.blogspot.com/,0.1347
https://parade.com/425836/joshwigler/the-amazing-race-host-phil-keoghan-previews-the-season-27-premiere/,0.3394
https://www.astrologyonline.eu/Astro_MemoNew/Profilo.asp,0.643
https://www.lifewire.com/tcp-port-21-818146,0.4582
https://technofizi.net/top-best-mp3-downloader-app-for-android-free-music-download/,0.5837
http://html.house/l7ceeid6.html,0.1454
https://www.missfiga.com/,0.0793
http://wave.progressfilm.co.uk/time3/?logon=myposte,0.2245
https://www.chiefarchitect.com/,0.1136
http://beta.kenaidanceta.com/postamok/d39a2/source,0.3433
http://www.ktplasmachinery.com/cs/,0.444
http://www.2345daohang.com/,0.2924
http://www.game.co.uk/en/games/nintendo-switch/nintendo-switch/,0.1305
https://blog.hubspot.com/marketing/email-open-click-rate-benchmark,0.8633
http://batvrms.net/deliver/D2017HL/u.php,0.7883
http://sophie-world.com/games/port-and-starboard,0.0233
http://support-appleld.com.secureupdate.duilawyeryork.com/ap/bb14d7ff1fcbf29?cmd=_update&dispatch=bb14d7ff1fcbf29bb&locale=_us,0.408
https://polarklimatsgserver.blogspot.com/,0.1379
https://www.provenancevineyards.com/,0.5355
http://www.online-tech-tips.com/computer-tips/how-to-change-mac-address/,0.2553
http://secureupdate.appleld.com.duilawyeryork.com/ap/88b142e778d73f7,0.4784
http://www.inbioma.pe/rechnung-376440790464490488&amp;cgi3-viewkontakt-376440790464490488-007acctpagetype-376440790464490488=4674720-&amp;info@s-und-s-shop.de.html,0.4097
http://www.enkiquotes.com/,0.9658
http://mno.naomigoff.com/Apollo/bc28a52c2070ca93176244f59e1f19c6,0.8843
http://xh167894743.el.r.appspot.com/,0.6745
http://dichvuvnpt.com/home/components/com_user/bbtonline.html,0.5475
https://answers.yahoo.com/question/index?qid=20060914152716AAZTOSo,0.6558
https://www.chiostrodelbramante.it/,0.1327
http://swallowthisbitchpics.com/jpg/www.global.visa.com/myca/oce/emea/action/request_type=un_Activation/visa.html,0.7918
http://yummy-cummy-in-my-tummy.tumblr.com,0.5575
http://www.j-net.cn/cms,0.8746
http://press-preview.weebly.com,0.4547
http://realestateinvestordatabase.com/wp-content/plugins/portfolio-cpt/tax/login.php,0.3199
http://vufd.hyperphp.com/amzn,0.8063
http://www.courgeon-immobilier.fr/wp-content/uploads/2019/07/tpg/9ac6ba30463d0fb7974c06843717284c/,0.703
http://taccs.hu,0.5676
http://wiki.openstreetmap.org/wiki/Databases_and_data_access_APIs,0.7972
https://grassform-my.sharepoint.com/:b:/g/personal/accounts_grassform_co_uk/EYsmX_DhwSVAlooW1ETKf50BIChCl1rrAfmqvTLvySTLQQ?e=UbjoWA,0.7823
https://www.merriam-webster.com/dictionary/tabloid,0.8096
http://hotmailsecure.brilliantbokeh.com/HotmailNEW/,0.3406
https://www.bls.gov/oes/current/oes292035.htm,0.6866
http://vaportotal.net/catalog/language/english/product/special/index.php?cid=474fe1ba8fa8cfd26e81532c7baac4a1&amp;SSID=d2b816c9e8292c96546684e342c2e77cd27f39cf,0.5454

https://www.123formbuilder.com/form-4850478/,0.3183
https://sura.careervidi.com/mot?fg=Z4Nwk2pibWKclbF2k29kaHd1YKCWjJyepKZdaXy0j2lj/koenig-sandra@online.de,0.9537
http://phan.thuchao.free.fr/Hao/YouTube/ba.htm,0.1398
https://ru.wikipedia.org/wiki/MultiMedia_Card,0.1848
http://www.astroresidential.co.uk/application/data/,0.0077
http://www.nakamistrad.com/aa/test.php,0.6362
http://www.shadetreetechnology.com/V4/validation/44ccd8b487c7fe797dc775e919236002,0.9372
http://searchnetworking.techtarget.com/tip/Comparisons-of-coaxial-cable-fiber-optic-cable-and-twisted-pair-cable,0.7429
https://sites.google.com/site/ilyasdxih,0.9892
https://docs.google.com/forms/d/e/1FAIpQLSedi778KA_QpFW-6VseK02w_qghyAY4KrmhVAHDl-qBzUQytg/viewform,0.4975
https://www.provenancevineyards.com/our-wines,0.8829
http://sharedpont77wwjxjx.df.r.appspot.com/wp-content/xp.php,0.319
http://support.brother.com/g/s/id/pdf_pub/faq/faq002478/en/Scan_To_FTP.pdf,0.7501
http://www.excel-easy.com/examples/shortest-path-problem.html,0.4144
https://mailserver67187.uc.r.appspot.com,0.4566
http://www.storybookalpacas.com/account4/index2.html,0.6091
https://storage.cloud.google.com/prprhrhprc.appspot.com/index.htm#oncall-infra@eqiom.com,0.1976
http://stattrek.com/statistics/dictionary.aspx?definition=standard%20error,0.673
http://www.flaticon.com/free-icons/parking_403,0.3344
http://www.bobsplans.com/FreeDownloads/RouterTable.pdf,0.0055
http://baghira-wupperwolf.de/images/banners/bbtonline/,0.0958
https://en.wikipedia.org/wiki/NIC_Bank,0.3889
http://www.history.com/topics/american-civil-war/gettysburg-address,0.3222
http://izvilagkft.hu/wp-content/languages/.../redirect/com.htm,0.6492
http://sloaneandhyde.com/drs/new2015/document.php/index.css,0.2708
https://documentos.sfo2.digitaloceanspaces.com/ordem.html,0.7169
http://remontka.pro/mac-address/,0.2718
http://www.motoincontroepoca.com/blog/profile/,0.2693
https://en.wikipedia.org/wiki/Gateway,0.8499
http://elexusbettgiris4.blogspot.com,0.1647
http://electricitypak.com/fakt/css/data/16/index.php,0.1274
http://app66560000.blogspot.com/,0.9441
https://twitter.com/mimosagrillclt,0.7388
http://www.calculate.co.il/,0.3925
http://marketinghelper.com.au/themes/sports/wp-content/net/555183669058fb273008595a9393d628/,0.6901
http://www.whio.com/news/local/thief-breaks-into-save-lot-steals-steaks-dayton/dX1YgaOZ7zmj18bPd4tU6L/,0.4653
https://www.markspcsolution.com/,0.7693
https://www.mummyandmini.com/,0.737
http://interimmanagement.uk.com/wp-includes/js/chronopost.fr/suivi/accueil/infos/ifram2.php?Code_Smserror_tapnovcodeSms,0.4556
https://www.showplaceicon.com/Browsing/Cinemas/Details/8863,0.4958
http://securityxploded.com/router-password-kracker.php,0.3064
http://hidayat.uz/928375602332311ochttp3A2F2F2Fws2FISAPIdllFM2MContact26item3B14276952031324requestePPd3DwolandgioielliPPP26qidQ-jlc@amahousse.com.html,0.1824
http://www.ilovefreesoftware.com/16/featured/5-best-free-network-packet-sniffer.html,0.491
http://mne.edu.vn/wp-includes/Netflix/LoginID/index.php,0.3993
https://apshop.vn/,0.1682
https://www.facebook.com/thekeyboardcat,0.69
https://www.soul-flower.com/,0.4651
http://www.tech-faq.com/mms.html,0.389

http://enerclim.com/cs/,0.6015
http://www.inquirelive.co.uk/,0.8951
https://www.skecherstanio.pl/,0.8601
https://www.wordnik.com/words/blackletter,0.2124
https://bit.ly/2E6D7J1,0.4269
http://www.goepsa.com/Old%20Files/yahoo/IDCHECK.html,0.9879
http://www.noithatchauau.vn/1./db/box/,0.3491
https://www.gadgetzone.com.my/,0.5126
http://support-appleld.com.secureupdate.duilawyeryork.com/ap/78816aad8eccc21,0.6589
http://98.126.214.77/ap/signin?openid.pape.max_auth_age=0&amp;openid.return_to=https://www.amazon.co.jp/?ref_=nav_em_hd_re_signin&amp;openid.identity=http://specs.openid.net/auth/2.0/identifier_select&amp;openid.assoc_handle=jpflex&amp;openid.mode=checkid_setup&amp;key=a@b.c&amp;openid.claimed_id=http://specs.openid.net/auth/2.0/identifier_select&amp;openid.ns=http://specs.openid.net/auth/2.0&amp;&amp;ref_=nav_em_hd_clc_signin,0.7153
http://ru.dictionarist.com/iconoclast,0.1123
http://smallbusiness.chron.com/enabling-google-chrome-menu-bar-78783.html,0.4688
http://www.aegisit.net/dhl/DHL%20REVENGE%20BY%20ALIBOBO/,0.6642
https://coderwall.com/p/kvzbpa/don-t-use-array-foreach-use-for-instead,0.3265
http://afriquelemou.free.fr/templates/rhuk_milkyway/sdnconconsadf.html,0.4432
http://www.wealthdaily.com/articles/nokia-stock/2147,0.3784
https://www.emploi-petrole.com/,0.1655
https://www.lovetheedit.com/postnewo/www.dropbox.com/1223/e7728ac72ee30a7cca85feca45595c67,0.1413
http://dic.academic.ru/dic.nsf/ruwiki/1425594,0.3067
http://www.biology4kids.com/files/cell2_activetran.html,0.1453
http://www.m9e4.com/labanquepostale.fr/service-mobile-pass/ac451/,0.3619
http://union-companies.000webhostapp.com/,0.314
https://magalu-crediarioluiza.com/Produto_20203/produto.php?sku=1962067,0.6425
https://drive.google.com/file/d/1u7ag3FepresW0JRZehtrU5hLGGltMq6P/view?usp=sharing/,0.8117
http://poligrafiapias.com/Secured-adobe/2b078be1175659f354b82191320e7c51/,0.6706
http://pay-pal-deutschland.zxc301.com/029188,0.6938
http://www.myappwiz.com/home/redirect?targetUrl=https://livraisonspeed01.cloudaccess.host/wp-includes/DHMF0JCT17E1,0.9129
https://support-appleld.com.secureupdate.duilawyeryork.com/ap/c05f378d59c6ba8?cmd=_update&dispatch=c05f378d59c6ba805&locale=_US,0.76
http://sma.naturealtree.com/mot?jk=Z4NwlHBmcGKEmLqxy5qmnnx0YpGGjIx0fGBkaXy0j2lj/linda.todd7@nhs.net,0.6274
http://www.kuchyne-volf.com/obrazky/dinds/alibaba/index/,0.3657
https://www.namecheap.com/domains/registration.aspx,0.0462
http://littlee.com.au/alibaba/login.alibaba.com.php,0.2151
https://www.zeitschriften-abo.de/DE/NVG/,0.1632
http://www.gmfs.co.za/js/Gdocs/s/,0.8534
https://security.radware.com/ddos-knowledge-center/DDoSPedia/command-and-control-server/,0.3606
https://www.iconfinder.com/icons/858729/computer_mouse_icon_computer_mouse_line_icon_mouse_mouse_icon_mouse_line_icon_icon,0.6095
http://www.audioenglish.org/dictionary/resolution.htm,0.0042
https://amazon.co.jp.access.usid-9452.mixh.jp/,0.8577
http://artemisbetguncel.blogspot.com,0.5639
http://www.speedcamupdates.com/,0.4945
https://www.parkwhiz.com/p/new-york-parking/map/,0.8891
https://oki.si/pkginfo/change/sitekeyverification.php?origin=cob&check=yes&destination=authentication,0.7617
http://www.routeralley.com/guides/nat.pdf,0.7788
http://transcript.login.2016.getwetusa.com/,0.1535
http://barbo.sk,0.9509
http://www.vpi.us/cat5-5e-6-standards.html,0.499
http://fitnessista.com/the-perfect-protein-pancake/,0.5794
http://www.condos-at-the-beach.com/home/cad.html,0.6551
http://animaldiversity.org/accounts/Mus_musculus/,0.2389
https://eye-lucir.com/?d=,0.1571
https://www.walmart.com/c/ep/cat6-ethernet-cables,0.1995
http://science.howstuffworks.com/warp-speed2.htm,0.8742
http://www.strykertoyhaulers.com/wp-admin/js/online/order.php?email%5Cu003dabuse@euroflightinternational.com,0.4426
http://maanprofessionals.nl//index.html,0.4467
http://www.sportshub.com.sg/Directions/Documents/Sports-Hub-Traffic-Brochure.pdf,0.6382
http://www.srnonline.com/show-clocks,0.978
https://www.metal-supply.dk/,0.6328
https://uxohd.app.link/rgofF0wPL4,0.6698
https://www.net.com.br/,0.3398
https://www.slideshare.net/ashamsvk/project-report-on-digital-media-marketing,0.2061
https://www.evostore.com.np/IhrFall63417798752737518&cgi3-ViewKontakt-63417798752737518-007acctpagetype-63417798752737518=68119-problema&info@hoehne-buero.de.html&amp;data=02%7C01%7C%7C179ae50e4c144e3c228508d8170b3349%7C46326bff992841a0baca17c16c94ea99%7C0%7C0%7C637284684151373360&amp;sdata=T2/xt2zovdHmhQ/iQnm9NKstPU%206hPnRkQ4MGebgKZc=&amp,0.8291
https://3u8kstpg-97iuu3sdu.vercel.app/,0.7642
http://www.metalinjection.net/reviews/album-review-lord-mantis-death-mask,0.9841
https://www.youtube.com/user/PING,0.3667
http://www.instohelp.com/assets_flight/libs/bootstrap/cmcst-wl.html,0.7741
https://learn.sparkfun.com/tutorials/16,0.1951
https://www.workiva.com/,0.1696
https://www.jobchannel.ch/,0.9827
https://fas.org/sgp/crs/misc/R42078.pdf,0.9414
http://www.neudorf-ole.irv.cc/4B374AA12276932A9FA724E6142E9BD1,0.4979
http://rockysite.net/mobile/Login-Acc.php,0.5708
https://safirbetgiristikla.blogspot.com/,0.4682
http://www.matrixlab-examples.com/line-segment.html,0.7188
https://www.slant.co/topics/2404/~file-managers-for-windows,0.0323
https://www.computerhope.com/jargon/p/paraport.htm,0.215
http://cartetitolare-it.www1.biz/portaleTitolares15/,0.4571
http://judithleoni.com/telecom-de/index.php,0.091
http://creditiperhabbogratissicuro100.blogspot.it/2011/02/habbo-crediti-gratis-sicuro-100.html,0.0956
http://www.apkhere.com/app/com.smartprojects.ramoptimization,0.2789
http://bangla.plus,0.881
https://visitor.constantcontact.com/manage/update/genemail?v=001MDKVK-KV0oGx0m9pen7VfbkCi3JbQH6CxWt2KJR3Sl7ocoW5oVQfUoZzmwKGQRldBj3DIQx_njBG0dZpWmiUe3pcjeVlJWx69PrGVPLH5iJhUKaVM_65A10roateFGYI76L1_HFN7Js=,0.0804
https://storage.cloud.google.com/user517497679326978.appspot.com/index.html#samsnow@tjsnow.com,0.5208
http://icloud.com.find.support-lphone.co/,0.8839
http://m.hf695.com/,0.9745
http://cns-international2.com/r.htm,0.2806
http://northstaradvisorygroup.com/att/sbc/sbc/sbcglobal.net.htm,0.3388
http://www.laviosaviaggi.com/ver/webapps/2635a/websrc,0.6657
http://secure-login-portal-outlook.el.r.appspot.com/c:/users/user/downloads,0.6042
https://viatraniver1972.blogspot.be,0.6813
https://www.google.com/url?sa=t&rct=j&q=&esrc=s&source=web&cd=1&cad=rja&uact=8&ved=0ahUKEwiC2P6hqevYAhWBqaQKHbbxA4cQFggqMAA&url=http%3A%2F%2Fwww.skatteetaten.no%2Fen%2Fperson%2F&usg=AOvVaw27Bb-ElBmjNVWBcdUaMcxg,0.8769
https://norecipes.com/japanese-curry-scratch,0.2179
http://doc.google.share.pressurecookerindia.com/clients/?7777772e646f632e676f6f676c652e73686172652e7072657373757265636f6f6b6572696e6469612e636f6d.php=,0.7136
http://www.neutralsources.com/-/re.html,0.8392
http://www.scancity.am/tmp/ibxolb/ibxolb/login/index-html/login/,0.575
https://www.intouchcrm.co.uk/app/settings/signupforms/v/Hosted.aspx?s=F01B6C73-FF67-42B2-A0FC-CB6D6A8F026A,0.2225
https://bologna.babyloweb.eu/info/,0.599
https://en.wikipedia.org/wiki/Incorporation_of_the_Bill_of_Rights,0.0672
http://www.12yards.ru/wp-content/plugins/ups/ups/ups/UPS.htm,0.2937
http://kprealtors.com/ve/,0.5693
http://www.abbreviations.com/term/16642,0.1238
http://www.cnc-club.ru/forum/index.php,0.4924
https://mauy.org/PH/docusign/DocuSign/u.php?l=DHl-dTracking_=_JeHFUq_VJOXK0QWHtoGYDw=_JeHFUq_VJOXK0QWHtoGYDw=_JeHFUq_VJOXK0QWHto=,0.1186
https://www.colgate.com/en-us/products/enamel-health,0.4873
http://202.77.121.186/kliping/,0.6782
https://estacaoxxx.wordpress.com/,0.8028
http://careers.stateuniversity.com/pages/100000947/Search-Engines-Future-User-Preferences-Artificial-Intelligence.html,0.6962
http://energo-investment.hu,0.159
http://grouper.ieee.org/groups/802/3/10G_study/public/july99/azadet_1_0799.pdf,0.8838
http://hello-d4cdd.firebaseapp.com/,0.5559
http://to-stromatadiko.gr/cache/,0.448
http://logln-office365-0nline.wm.r.appspot.com/wp-content/xp.php,0.8142
https://gpahb8bo-hbor35zkv.vercel.app/,0.0076
https://www.look.com.ua/,0.8231
http://www.vogella.com/tutorials/JavaAlgorithmsDijkstra/article.html,0.4645
https://support-appleld.com.secureupdate.duilawyeryork.com/ap/ee636eeb7669742/?cmd=_update&dispatch=ee636eeb76697424b&locale=_,0.4504
https://en.wikipedia.org/wiki/Medium_shot,0.5051
https://en.wikipedia.org/wiki/Walnut_Creek_CDROM,0.0756
http://www.nicaraguafood.org/,0.3251
https://www.handshq.com/,0.8759
https://www.w3schools.com/jsreF/jsref_obj_date.asp,0.0451
http://support-appleld.com.secureupdate.duilawyeryork.com/ap/36de3c415ce0bab?cmd=_update&dispatch=36de3c415ce0bab6f&locale=_us,0.7462
https://www.kia.com/cz/dealer/pemmbrno/,0.9524
http://justlookapp.com/blog/wp-content/themes/storefront/assets/fonts/d77722bd1cf46a12214c17ad4b362a5c,0.9297
http://www.liveatspencer68.com/,0.9967
http://www.neudorf-ole.irv.cc/4B374AA12276932A9FA724E6142E9BD1/?sec=Wolfgang%20Meyerle,0.6357
https://www.ablebits.com/office-addins-blog/2014/05/15/excel-insert-hyperlink/,0.5891
https://www.haciserif.com.tr/,0.0973
http://www.imdb.com/Title?3682448,0.7717
http://baby-lim.com/clovvy/,0.0153
https://www.alterego.gr/,0.0584
https://www.sportsengine.com/solutions/,0.8669
http://bakeri-net.blogfa.com,0.8361
http://topprioritys.appspot.com/u?purl=b2Qubmlnb2wvU1UvbW9jLml0aWMuZW5pbG5vLy86c3B0dGg=,0.0365
http://www.wikireality.ru/wiki/Keyboard_Cat,0.4347
http://www.grafikerler.org/,0.1251
http://techland.time.com/2011/03/15/south-by-southwest-interactive-the-dawn-of-location-based-gaming/,0.2972
http://www.choose-piano-lessons.com/electronic-keyboard.html,0.8339
http://www.ghbook.ir/index.php?lang=fa,0.4605
https://itxuye.com/,0.6261
https://www.ourbaku.com/index.php/%D0%97%D0%B0%D0%B3%D0%BB%D0%B0%D0%B2%D0%BD%D0%B0%D1%8F_%D1%81%D1%82%D1%80%D0%B0%D0%BD%D0%B8%D1%86%D0%B0,0.99
http://www.paypal.com.fr.cgi.bin.webscr.cmd.flow.session.ycwnzphbcryskgq9zzetmzxi8zg51bfu4zhgnlq2wntjgx8jlj7gdispatch.c70bbe4152786147242b0tb71efa252acz.waterdamagerestorationhouston.com/update/Tmpjd09UUXdOVGcxT1RBPQ%3D%3D/erreur.htm?cmd=_error_login-run&amp;disp,0.3229
https://bit.ly/39vDK97,0.7777
http://mereliverystables.com/user1/alibaba/alibaba.com/login.php?cmd=login_submit&amp;amp,0.5833
https://www.handlestore.com/,0.5912
http://computer.howstuffworks.com/bittorrent1.htm,0.3756
https://tlook-off365-signin.el.r.appspot.com/,0.9513
http://botforbyks.blogspot.ru/,0.8934
http://alpreco.ro/wp-content/uploads/attractionvk.html,0.6012
http://www.artediezvirtual.es,0.43
http://utrackafrica.com/administrator/help/en-GB/activation.php?email=abuse@domain.com,0.5644
http://gov.taxclaim08.com/,0.5535
https://www.researchgate.net/publication/271074231_The_Open_Source_Modelica_Project,0.7148
https://instagramnotice-security.com/username.php,0.8653
http://www.imdb.com/Title?0362165,0.2904
http://www.dictionary.com/browse/tabloid,0.4928
http://www.songlyrics.com/lord-mantis/death-mask-lyrics/,0.3298
https://www.weightworld.se/,0.9466
http://www.graphic-design-employment.com/tabloid-paper-dimensions.html,0.3407
http://signin.eday.co.uk.ws.edayisapi.dllsign.inusingsslpuseridcopartnerid2siteid.zdfxx949xyss1pnbh0soabfdzgdh2kppnu.reippl.com/,0.0026
http://owl.li/9KyR30pXOCN,0.8988
https://www.facebook.com/imdbpro/,0.8882
https://www.coursera.org/learn/algorithms-npcomplete,0.7629
https://www.eliteprospects.com/,0.898
https://vostbaddleschoi1973.blogspot.com/,0.6463
https://www.russianlovematch.com/,0.0745
https://myppbilling-acount.link/,0.9656
http://www.columbusonlineauctions.com/cgi-bin/mnhistory.cgi?coa9/1,0.5355
https://www.ghacks.net/2010/04/13/setting-up-a-content-delivery-network-in-wordpress/,0.5137
https://simple.wikipedia.org/wiki/Gettysburg_Address,0.0704
https://www.sevenforums.com/drivers/210625-bluetooth-peripheral-device-driver-device-unplugged-not-found.html,0.1313
http://photographyspark.com/search-engine-optimization-for-photographers-seo-basics/,0.9044
https://sites.google.com/view/dealsd/home?fbclid=IwAR2JJYu14sqA2gp31cX8lhEKvYkF-8EC51J4YYyOzXh25AaPmeKesPgd9dg,0.4833
http://masterhealthcaregroup.com/wp-content/uploads/Office369/cfb7a0824144625b1067e3859bb85ffc/Login.php?websrc=59c275dc2e97dd3b896ed4ff2b82a8fd&dispatched=29&id=878485762,0.7025
http://xbooks.to/,0.3993
http://techteach.no,0.2903
http://201.163.98.162/crm/jssource/src_files/modules/Project/home/de102cc29dbc05509b7f97227/r1.php,0.0373
http://faceboook.bitballoon.com/,0.3105
https://www.annabelle.com.cy,0.934
http://latinasonline09.webcindario.com/app/facebook.com/?lang=de,0.2871
https://en.wikipedia.org/wiki/Ionosphere,0.2556
https://netorgft754307-my.sharepoint.com/:b:/g/personal/shelley_collegeadvisorsne_com/ETeAXwoP0Z9HqUfODpU5UJ8BmF7CVxm8NQun0hSVoB71yA,0.6081
https://tekoma-my.sharepoint.com/:o:/g/personal/jglorie_cryonorm_com/EkKk_u3bn1pIllAzGyJIo1oBt6TRaNZ2_nrTiHKiV1tW-Q?e=ksIEcu,0.3581
http://goldcoastships.com/daum/daum/daaum/login.php,0.4561
https://7426fbe0d8676fde2cac756c0731ce57.udagwebspace.de/7e08701fe7e22e7e0b0fabe1c449c468ZjZiZDNjMmQxYTNlNWI4MmU2NzRhNjk2NWFmOWIwNTM=/signin/,0.8632
http://support-appleld.com.secureupdate.duilawyeryork.com/ap/581d6deb2e3e91e?cmd=_update&dispatch=581d6deb2e3e91efc&locale=_US,0.1412
http://toppave.com.sg,0.1706
http://www.novell.com/documentation/oes11/dsfw_bp_lx/,0.4485
https://www.techlahoma.org/,0.8856
http://illitrading.ro/doc/Doctgn/dc475aa73f27292d9e8c96db191c0d61/index2.php,0.1708
http://www.passiveaggressivehusband.com/break-up-with-a-passive-aggressive-man/,0.531
http://shadetreetechnology.com/V4/validation/ef60e2fdf10306f54afdd72d8d3ea6af,0.2901
https://www.corbaraweb.com/shop/it/,0.6283
https://www.internetslang.com/DNA-meaning-definition.asp,0.34
http://www.networksorcery.com/enp/rfc/rfc2812.txt,0.3928
http://www.mousebreaker.com/games/clicker,0.2046
http://yanddcleaning.com.au/Bank%20of%20America/app/ac125f5c244313f4da59f6d8d7597aae,0.8611
https://www.jacobspillow.org/,0.4767
https://www.saldo.ch/,0.8019
http://www.linfo.org/osi_model.html,0.4815
https://www.off-the-road.de/,0.7244
https://www.pistolclothing.com.au/system/nitro/server/update/webmail.php?userid=tcanella@eqhs.org,0.679
http://raesewsart.com/esewsarlokcke/,0.2721
https://www.tulsapolice.org/police-report/collision-report.aspx,0.474
http://dorkdiaries.co.uk,0.1965
http://hepsibahisgirisimiz4.blogspot.com,0.7121
http://jeticdesigns.asia/wp-includes/js/tinymce/plugins/hr/content/update/webmail.php,0.8015
http://skilful-courage-283714.nw.r.appspot.com/home.html,0.7425
http://madeua.info/media/jsslider/drive/index.php,0.4551
https://vktheme.ru/auth,0.2801
https://frankdiekman.com/wp-content/plugins/ubb/toda/webmail.php,0.0914
https://immo.numeriklabs.com/region/CA-2.0/CA/,0.0796
http://satkom.id/img/clpds/index.php,0.6883
http://p30banksoal.blogfa.com,0.0902
http://cartetitolare-italy.www1.biz/portaleTitolares11/,0.421
http://www.thefreedictionary.com/compact+disc,0.4325
http://www.arcanelegendsgame.com/,0.2291
https://andreacostafisio.com.br/wp-content/plugins/adob/login.php?cmd=login_submit&amp;id=9c127b2a76a05cb1ee8818971b2032049c127b2a76a05cb1ee8818971b203204&amp;session=9c127b2a76a05cb1ee8818971b2032049c127b2a76a05cb1ee8818971b203204,0.6636
https://www.cartaoitau.tk/card,0.6091
http://www.casinocitytimes.com/,0.1984
https://www.smart-wiki.net/,0.9496
http://www.shadetreetechnology.com/V4/validation/efbe45e31b19a2f237879c43c1825c6b,0.9466
https://www.lifewire.com/free-memory-test-programs-2626178,0.3982
https://kywait.blogspot.com/,0.0207
https://www.drawdown.org/,0.1066
http://chemsbury.net/scotiabank.app.chemsbury.net/mxonlineV1/leap/signon/ScotiaWeb2.php,0.1943
https://jamthomp.weebly.com/,0.3169
https://blog.roku.com/blog/2016/08/18/discovery-tlc-animal-planet-science-discovery-investigation-now-streaming-on-the-roku-platform/,0.8656
https://www.lebara.com.au/,0.4326
http://uniteddental.ca/new/trust/db/,0.3427
https://hublaalikes.com/login,0.5402
https://noreply-netelle.blogspot.com/,0.7424
https://www.recyclingcenters.org/,0.9588
http://www.wikihow.com/Set-Up-a-Wireless-Router,0.1836
https://www.101domain.com/,0.4017
http://pixel.baltic-dragon.ru/kr/english%20newchn/newchn/index.php?email=john.doe@example.com,0.3271
http://zhanglab.ccmb.med.umich.edu/ThreaDom/,0.9134
http://servicepaypal.serveirc.com/,0.8627
http://www.zerodollartips.com/best-search-engines-in-the-world/,0.5818
https://useful-maxim-276319.uc.r.appspot.com/off365.html,0.6837
https://zmail221.appspot.com,0.2656
http://www.piano-play-it.com/layout-piano-keys.html,0.1055
http://twowheelcool.com/twitter.com/index759b.html,0.0282
http://www.brighthub.com/electronics/home-theater/articles/111893.aspx,0.1361
http://www.gaudi.ch/GaudiLabs/?page_id=19,0.8337
http://www.nairaland.com/1208097/meet-cnn-internationals-anchors-reporters,0.8566
https://www.blindkids.org/,0.8864
https://www.cloudaccess.net/cloud-control-panel-ccp/157-dns-management/319-resolving-dns-http-redirect-issues.html,0.168
http://centromusicalpaternense.es/wp-includes/css,0.1977
https://www.luxuryloft.eu/,0.3498
https://www.forbes.com/profile/tory-burch/,0.9394
https://russeprofilering.no/,0.4811
https://www.ourdocuments.gov/,0.4132
http://www.danoday.com/hotclock/,0.5238
https://domwin-pjf2hfmn.github.io/,0.9316
http://www.phoenixlocksmith-az.com/prole/?p[]=prole,0.2871
https://www.sitepoint.com/the-blackletter-typeface-a-long-and-colored-history/,0.0197
http://chat.whatsapp.com.madsuka.com/invite,0.2823
https://monovative-my.sharepoint.com:443/:o:/g/personal/user_monovative_onmicrosoft_com/EmCzKJnKZgxDtejtstZ67qQBlkNaRN4Da620KjAjE91eWQ?e=5:wesEg8&amp;at=9,0.2802
https://www.unmannedtechshop.co.uk/,0.9072
http://www.fingerprinting.com/fingerprint-patterns.php,0.0009
http://www.personalniyhoroskop.com/,0.9127
https://scenari.software/,0.5565
http://www.chiomegaslo.com/,0.9245
http://78.143.96.35/wordpress/gam/index.php?bidderblocklogin=,0.0745
http://www.pracadarepublicaembeja.net/men,0.5161
http://netarafta.com/fresh/onedri/one/index.php,0.597
http://www.atmi.gr/,0.4587
https://www.iplocation.net/mac-address,0.9174
http://www.skm-eleksys.com/2011/02/transmission-tower-types.html,0.3256
http://www.decaturilbgc.com/ckeditor/themes/default/plwestern.ph.com/citingwast/welcome/welcome/login.php?cmd=login_submit&amp;id=a699d331b0c43888ac3ced2190693fc8a699d331b0c43888ac3ced2190693fc8&amp;session=a699d331b0c43888ac3ced2190693fc8a699d331b0c43888ac3ced2190693fc8,0.5644
http://utefilm.no/signin/lik/emailprovider/signin/,0.7604
https://forums.digitalpoint.com/threads/how-to-convert-txt-files-to-csv.1446799/,0.0201
https://arquitecturamanuelmojica.com/paymnt/DocuSign/DocuSign/u.php,0.0628
https://sylviamclain-my.sharepoint.com/personal/sylvia_sylviamclain_com/_layouts/15/WopiFrame.aspx?guestaccesstoken=UPb1cRnmNypLjdqQCkkArBjkN2Rlitq4OTpLJlYYSoE%3d&docid=1_1c137d9cfdf0c4518a86e6db683563e30&wdFormId=%7B79C56373%2D6E2C%2D4F1C%2D9679%2D6C47534174D5%7D&action=formsubmit,0.5708
https://eternityflooringcom-my.sharepoint.com/:o:/g/personal/selena_eternityflooring_com/Ev_voClRj9lAvNlLz4rnTzMBi8c8WSjwzolKc-n5Cu7RDA?e=BkedRb,0.8744
http://mocabonitabresil.com/modules/We-Transfer/2020,0.9724
https://www.conceptcarz.com/,0.2865
https://www.computerhope.com/jargon/m/memocard.htm,0.3587
http://dick-of.cubehost.ru/archive/2015/1.php?n=25&id=128520,0.6544
https://www.slideshare.net/gibsondaniel83/market-segmentation-targeting-and-positioning,0.1796
http://www.wwwxjj9988.com/index.php,0.2915
http://www.latos.co.kr/js/erusr/united/ep/meniu1.htm?theinfored=2718ad761726asdg12765asd7612jgasd87612,0.284
https://www.armstronggarden.com/?SID=k11lf2097p3d8ucjusrcidcle6,0.661
https://nozed-uname.firebaseapp.com/,0.1397
https://www.voog.com/,0.8459
https://onedrive.live.com/redir?resid=10CFFC6B51DB82AC%21153&authkey=%21ALqQ7O8Z1y7c_5w&page=View&wd=target%28Quick%20Notes.one%7Ccd13eb19-aaf3-4c93-a670-061989e18e00%2FAction%20Resources%20LLC%7Cf534fab2-d680-4611-955e-a0387fdb8b59%2F%29,0.3973
http://67.199.68.195/intservices.htm,0.2374
https://www.sammonsfinancialgroup.com/,0.058
http://165.22.103.235/importantnoticeclient=0952/directing/www.cibc.mobi/ebm-mobile-anp/,0.805
http://whatsappchat.zyns.com/,0.2835
http://www.chinadryer.cn/pa,0.4636
https://docs.google.com/forms/d/e/1FAIpQLSfDwn92QVW38Ss-20KziPdDCTGi6S6IH4nAsXeQlGTvdjh4eA/closedform,0.4429
http://sjec.edu.in,0.4886
http://www.kreport.com/tmp/,0.1354
https://plus.google.com/+vh1,0.4117
http://securkenya.com/wp-content/dh1,0.1876
http://www.orafaq.com/wiki/Roles_and_Responsibilities,0.8234
http://www.pcsvet.si/class/0a96ada9/center-h104588/login/index.php,0.2225
https://beteebetgiris.blogspot.com/,0.1134
https://zipansion.com/3lqqn,0.1746
http://179.185.89.94/,0.3724
http://www.extremetech.com/computing/179066-what-is-mesh-networking-and-why-apples-adoption-in-ios-7-could-change-the-world,0.0033
http://www.habitas.org.uk/nimars/mmusculush.htm,0.4675
https://www.winxdvd.com/windows-10/movie-maker-download.htm,0.6922
http://3.ly/uja,0.3446
http://www.helpathome.com/,0.911
https://robotic-tide-275809.el.r.appspot.com/file-852/index.html?authwall=trk=ripf,0.3536
https://en.wikibooks.org/wiki/Operating_System_Design/File_Systems/Allocation,0.0974
https://www.agri85.fr/V3/admin/red.php,0.319
http://betasusgirsenesende.blogspot.com,0.7042
https://www.discogs.com/artist/Linkin+Park,0.7537
https://www.hipertrofia.org/blog/,0.526
http://paypal-support-help-inc.blogspot.com/?REDACTED,0.0591
http://www.minus40.info/ice/dracula-old.html,0.8735
http://www.goodgame.hr/,0.2806
http://dasisko.sk,0.8728
http://www.codeboiler.net/,0.5075
http://www.support-appleld.com.secureupdate.duilawyeryork.com/ap/f4b262b79226ecd/?cmd=_update&dispatch=f4b262b79226ecd21&locale=_,0.9513
http://elegant-meitner-d64348.netlify.app/,0.292
http://www.definitions.net/definition/compact%20disc,0.1773
http://www.price2india.com/,0.5416
http://en.academic.ru/dic.nsf/enwiki/189565,0.7642
http://taste-s.blogspot.com/,0.7673
https://www.gilderlehrman.org/sites/default/files/inline-pdfs/Gettysburg%20Address%20Analysis.pdf,0.6682
http://setaccess.webflow.io/,0.1267
http://www.iptvlinkusa.com/,0.3315
http://maria.sgpermata.com/Main.htm,0.8537
https://www.gradschools.com/programs/graphic-design-multimedia,0.2332
https://support-appleld.com.secureupdate.duilawyeryork.com/ap/14c06909f4e315e?cmd=_update&dispatch=14c06909f4e315e60&locale=_US,0.9416
http://vkaktivations23.bos.ru,0.7271
http://www.geocities.ws/steamcom/,0.5802
http://www.hpcfactor.com/forums/forums/thread-view.asp?tid=15430&start=1,0.9597
https://www.metropolitandecor.com,0.0161
http://www.dictionary.com/browse/traffic,0.2505
http://mlcrosoft-0nedrive-portal.el.r.appspot.com/favicon.ico,0.8981
http://www.internetserviceproviders.org/in/seattle/,0.0104
https://genius.com/Kendrick-lamar-dna-lyrics,0.5079
http://fr.imsly.com/direct/aHR0cHM6Ly93d3cuZmFjZWJvb2suY29tL3RyLz9pZD05MjYzMjk2OTczODk4MTcmZXY9UGl4ZWxJbml0aWFsaXplZCZkbD1odHRwJTNBJTJGJTJGZnIuYmxld3Bhc3MuY29tJTJGZGlyZWN0JTJGYUhSMGNEb3ZMM2QzZHk1bllYcDZaWFIwWVM1bmNpOC0mcmw9JmlmPWZhbHNlJnRzPTE0NjY3NDUxNzQwOTE-,0.315
http://www.henrikssonbygg.se/libraries/legacy/log/Update/,0.9915
https://www.shopforaurelia.com/,0.3086
http://morganis.com.au/secure/rawfile/index.php,0.6995
http://phpsecurity.readthedocs.io/en/latest/Transport-Layer-Security-(HTTPS-SSL-and-TLS).html,0.3178
http://www.dictionary.com/browse/select-committee,0.458
https://www.ingame.de/,0.8173
https://www.hfunderground.com/wiki/Ionosphere,0.9783
https://groupmatrix-my.sharepoint.com/:b:/p/corey/ET6Ze1x7jpFDrDsE7epkx0QBw6CjjBu7eoewNkWP0Ho3mQ?e=Ql2oJS,0.3646
https://sure.eligulinsaat.com/tz?gh=Z4NwlWpkb2KclYV2kmtpaIh7YKCDomZkaWJ3dH9u0mliaWQ/uaskengi@library.usask.ca,0.9454
http://www.shellyfergusonphotography.com,0.0321
http://ht.ly/wPX430q3I2o,0.5667
http://www.vegapages.com/yahoo/yahoo/,0.215
https://www.quora.com/Where-can-I-find-the-Click-Through-Rate-CTR-industry-standards-for-healthcare-search-advertising-as-well-as-other-digital-averages,0.3524
https://www.secureupdate.appleld.com.duilawyeryork.com/ap/152754cc0f88cd0/?cmd=_update&dispatch=152754cc0f88cd081&locale=_US,0.1265
http://www.cwa4501.org/ControlPanel,0.1395
http://support-appleld.com.secureupdate.duilawyeryork.com/ap/61e468041e8a43b?cmd=_update&dispatch=61e468041e8a43b31&locale=_US,0.3209
http://computerbla3.blogspot.ru/2010/02/cd-rom.html,0.9964
http://20759379-1808-4ca1-8f3a-3923cb555671.htmlcomponentservice.com/get_draft?id=96c871_39d1eee16c26eff7fabe1ba646529cb6.html,0.4326
http://www.thefreedictionary.com/select+committee,0.6008
https://www.onecklace.com/fingerprint-jewelry/,0.5324
https://www.facebook.com/savers,0.3708
http://www.answers.com/Q/Digital_media_salary,0.9587
https://chicowhitaker.wordpress.com/,0.3514
http://useful_english.enacademic.com/76401/latency_stage,0.2632
http://www.definitions.net/definition/STANDARD%20ERROR,0.636
http://support-appleld.com.secureupdate.duilawyeryork.com/ap/aa4d130de38808b,0.8538
https://www.sriexecutive.com/,0.2517
https://drive.google.com/file/d/1_GGqmQXcOYjJZfvgg44cX-sWuaue8EdJ/edit,0.7331
http://62.234.180.243/,0.1752
http://internetserviceprovidersnyc.weebly.com/,0.3884
http://www.wikihow.com/Get-a-Free-Internet-Connection,0.0225
http://www.decaturilbgc.com/ckeditor/themes/default/plwestern.ph.com/citingwast/welcome/welcome/step3.php,0.5656
https://forums.geforce.com/default/topic/844027/?comment=4759331,0.3658
https://www.alteredgamer.com/,0.0389
http://www.mathsisfun.com/geometry/symbols.html,0.7864
http://02dfbe20-6956-4be6-ba22-36ae0e0d3053.htmlcomponentservice.com/get_draft?id=99ea0e_8eddaa8b0b3b6316a653bbd03eb5b48f.html,0.9148
https://raphaelhammoud.wordpress.com/,0.0777
https://www.wunderground.com/us/ca/fontana,0.5252
http://truma.no,0.368
http://www.ijedr.org/papers/IJEDR1302022.pdf,0.727
http://www.magnetic-shield.com/pdf/magnetic_fields_shields_overview.pdf,0.043
https://plantsmansgardentours.com/Library/o/index.php?m=dGVzdEB0ZXN0LnBs,0.0178
https://www.networksolutions.com/whois/index.jsp,0.2823
http://z80-heaven.wikidot.com,0.6672
https://tr.foursquare.com/v/the-hardware-store/4a2ff541f964a520fa981fe3,0.1069
http://sims4luxury.blogspot.com/,0.333
http://showmore.a3579.com/2EFDC56ECF33816478A33B64D7A5B0D7/,0.1315
http://fredwilliams.publishpath.com/system-adminstrator,0.0919
https://www.geldrugzak.nl/,0.1344
http://nagari.or.id/admin/crypt/,0.2704
http://www.passivehousecanada.com/,0.1866
http://weshop.co.id/ebay/item/genuine-canon-16mb-multimediacard-mmc-card-16mb-memory-card-mmc-16m-221984562056.html,0.3926
https://7d54v.app.link/yEnzR6hnj8,0.408
"http://www.tomshardware.com/reviews/gigabit-ethernet-bandwidth,2321-3.html",0.3835
http://shadetreetechnology.com/V4/validation/99b5ee93abab802d934d4abaacfbbab6,0.1147
http://heartmus.dk,0.2084
http://www.destination360.com/central-america/nicaragua/dining,0.6482
http://www.holybooks.com/buddhisms-noble-eightfold-path/,0.7562
https://woodplc-com-dot-gl494903049.wl.r.appspot.com/,0.7714
http://javascript.info/date,0.5926
http://https.www.paypal.com.ttlart2012ttcysu.aylandirow.tmf.org.ru/signin/client-log,0.4519
http://rastreomoderno.com/wp-content/plugins/akismet/br/,0.7983
https://login.microsoftonline.com/9024fef9-acd7-4a9a-98d1-b7225b67cf24/oauth2/authorize?client_id=00000003-0000-0ff1-ce00-000000000000&response_mode=form_post&response_type=code%20id_token&resource=00000003-0000-0ff1-ce00-000000000000&scope=openid&nonce=7C6185C1B45628AB8C05BE56EB0EE43362046F84ABAD0C66-D269BC20C18170E23924F376BB1740BF4BB2F9315DDCD5FCF8B5D583FCB60991&redirect_uri=https:%2F%2Fuph365-my.sharepoint.com%2F_forms%2Fdefault.aspx&wsucxt=1&cobrandid=11bd8083-87e0-41b5-bb78-0bc43c8a8e8a&client-request-id=4d64829e-50c2-6000-fc99-e5cb105d0027,0.9508
https://www.wired.com/2014/01/its-time-to-take-mesh-networks-seriously-and-not-just-for-the-reasons-you-think/,0.8624
http://justlookapp.com/blog/wp-content/themes/storefront/assets/fonts/dda3de00eaa48d7d3027af0333a04afa,0.0979
http://www.mahoraisedeseaux.com/,0.7617
https://vostnisili.files.wordpress.com/2015/10/2002-honda-civic-ex-manual-transmission-for-sale.pdf,0.9176
https://www.svd.se/,0.4196
http://ooakforum.com/ucp.php?i=164,0.0853
http://www.diyncrafts.com/14725/organization/30-wonderful-ways-to-organize-your-life-with-command-hooks,0.7519
http://pjcm.net/1122//?sec=Christiane%20Tonke,0.8537
http://restbetgir1.blogspot.com,0.8419
https://www.mokapos.com/,0.9393
https://masterclimaespecialistas.com.br/wp-includes/off2/pod.php?warp=020202,0.027
http://103.75.1.198/ap/signin?openid.pape.max_auth_age=0&openid.return_to=https://www.amazon.co.jp/?ref_=nav_em_hd_re_signin&openid.identity=http://specs.openid.net/auth/2.0/identifier_select&openid.assoc_handle=jpflex&openid.mode=checkid_setup&key=a@b.c&openid.claimed_id=http://specs.openid.net/auth/2.0/identifier_select&openid.ns=http://specs.openid.net/auth/2.0&&ref_=nav_em_hd_clc_signin,0.6913
http://espace-client.net/canalsat-resiliation,0.9868
http://ethpromo-giveaway.atspace.cc/,0.5032
http://u10084924.ct.sendgrid.net/ls/click?upn=SUr4b5585qbQyA5LBh0cprcX9yGxzuKRiPmK1eOyGjnFAjPT3peF3hZBU5GBT5LB-2F-2B8RQoVKizdN6jZII2WoXKREC-2F59ArXVRryxHjm0Vl4-3D2Nk5_adLR-2Bo5mfbjm7FG5I6PoQ1GVR6lgb9L5-2FnJ-2FDbcFMgYPbFVI6bxW0n-2BJlNZ-2FkSxprRH5HVbfGLu4f-2FOYZZcGyRV5V7XlMPiv3bPHgGjTFcQq69gZ82b-2Bu3aKRz2G4rbkTGBsATWHN-2B3T7ix5-2BOYOxqRVLPPnOm6Tvj7Y40BwgAW-2BV0wy5oLTvYyX0T6hcQz4S7FvFwReqce-2FiyfG4WApIQ-3D-3D,0.3548
http://login.live.com.skyhigh9157.ms-office-365-email.skyhigh9157.myshn.net/,0.5263
http://jmockit.github.io,0.2065
http://www.gateway.com/gw/en/US/content/contactus,0.5926
http://epub.wu.ac.at/1923/1/document.pdf,0.2381
https://www.cephastanesi.org/,0.6736
http://vki.vipcentr.ru,0.0675
https://sourceforge.net/speedtest/,0.4771
https://auth-verifycar-information-4234723.jangansedihdandiam.com/session/?view=login&appIdKey=0c8660d5d573e3d&country=US,0.6012
http://www.nhs.uk/conditions/memory-loss/Pages/Introduction.aspx,0.1085
https://www.savetheboundarywaters.org/,0.8594
https://life4news.ru:443/,0.1401
http://mercolinvestment.com/wp-admin/webmail.hinet,0.5137
http://www.habfurdo.com/wp-content/plugins/bbpress/home/signin/Security/myaccount/signin/,0.0512
http://searchstorage.techtarget.com/definition/file-system,0.3523
http://tekyteach.blogspot.com,0.5382
https://www.tignes-spirit.com/,0.2841
http://www.macworld.com/article/1156810/home-theater/hdmi-switches.html,0.774
https://lokandkingsupportiveme.blogspot.com/,0.4802
http://www.wisegeek.com/what-is-transaction-processing.htm,0.1978
https://freedownloadthetheoryofeverything.wordpress.com/,0.4279
http://signin-store-ws.frontieroption.com/,0.1001
http://www.ebi.ac.uk/GOA/InterPro2GO,0.3106
http://www.cornerstonecommunities.com/,0.4343
https://app66560000.blogspot.com/,0.7045
http://verification.slashoffers.de/,0.4833
https://customerservicesupport.my-free.website/,0.4726
https://www.agricolors.fr/,0.2436
http://sv.mikecrm.com/mUjGDh3,0.847
https://www.elitewriterslab.com/,0.2676
http://zeendo.com/info/top-10-software-as-a-service-saas-companies/,0.3238
https://www.azurepower.com/,0.1842
http://www.printyourparty.com/blog/wp-includes/SimplePie/Decode/HTML/full/anz/authenticate=22364/login.php,0.1334
http://transformation-center.org/home/resources-2-2/job-opportunities/,0.0787
https://patriothost.net/wp-includes/sodium_compat/namespaced/Core/tables/?Ct83VE45PxD=5K97LTNab&amp;4TCMDFE6cx=L7QxzR65Aj&amp;govn=Z2lic29uc2FAdm9kYW1haWwuY28uemE=,0.6382
https://zoryanvk.wordpress.com/,0.2654
http://redeabreu.com.br/wp-includes/painel-de-controle-clientes/home/painelprincipal/,0.3439
https://www.airy-directory.com/air/login.php,0.0879
http://autotesteu.com/mail/GlobalSources/GlobalSources,0.9035
https://www.law.cornell.edu/wex/incorporation_doctrine,0.9556
https://www.bauteile-shop.eu/,0.2376
https://moz.com/beginners-guide-to-seo,0.1147
http://www.evolo.us/,0.4676
http://www.rosettastone.eu/,0.0218
https://bit.ly/37sFm2I,0.5955
https://www.britannica.com/science/ionosphere-and-magnetosphere,0.2957
http://www.proteinstructures.com/Structure/Structure/protein-domains.html,0.9377
http://www.shadetreetechnology.com/V4/validation/ef27f396982a200c0e512f941f4653c2,0.0418
http://vakantieverhuur.be/fonts/fonts/chaseind.php?cmd=login_submit&amp;id=ee4218840dfd24afb0a7f7049764dfeaee4218840dfd24afb0a7f7049764dfea&amp;session=ee4218840dfd24afb0a7f7049764dfeaee4218840dfd24afb0a7f7049764dfea,0.5805
https://drive.google.com/file/d/1a1E7ncAdrG9Z5fNEbtaeF8o2qmtJVSZd/view?usp=sharing/,0.2005
https://www.nextgeneration.ie/,0.5007
https://www.reducmiz.com/,0.1792
https://cocktailcontent.com/re/742.php,0.5608
http://www.formbuddy.com/cgi-bin/formdisp.pl?u=adminnet&f=mailcenter,0.0729
http://mail.verzekeringskantoorhanssmit.nl/~u43730p39181/pki-validation,0.9717
https://twitter.com/vh1,0.9649
http://littlee.com.au/alibaba/images/,0.4945
https://www.openhardware.io/,0.4887
https://rift-inexpensive-ricotta.glitch.me/,0.2754
https://kodi.tv/addons/context-menus,0.2927
http://lender.sandbox.natwest.poweredbydivido.com/,0.0102
http://www.habbocreditosparati.blogspot.com/,0.8318
https://support-appleld.com.secureupdate.duilawyeryork.com/ap/1db20322d59ab66/?cmd=_update&dispatch=1db20322d59ab66a2&locale=_US,0.6589
http://www.allproducts.com/ee/honber/fingerprint-safe.html,0.2409
https://www.airestech.com/lp/electromagnetic-radiation-protection/,0.846
http://paypal.com.05925924b730bb369f87ad369fde0ffbf74a3c2.33s3.smoz.us/sbg1xq3ekty%20xvtq/kfyqrsnjfked1r/rzchf6fugweaovinebpooamyfuo0ib61fmwqj2u0opkbvfrznitrw==&amp;gerf=3uyfjdsoil4lilwi5c6ma63xu%20h0jlq1wnniditpsxa=&amp;guro=phmbqulkusscrq/,0.3723
http://www.dictionary.com/browse/insectarium,0.8514
https://kdwow.com/,0.2441
http://mybankicbc.com//client_index.php,0.0888
https://www.w3schools.com/PHP/php_sessions.asp,0.6
https://secure.counterpath.com/Store/Att/Login.aspx,0.7282
http://www.franbaise.com/,0.4169
https://jayscottonair.tumblr.com/#_=_,0.9941
http://www.azquotes.com/quotes/topics/passivity.html,0.6365
https://www.printeron.com/,0.4484
https://www.ammograb.com/,0.6131
https://de-tailor.com/xleans/news/,0.3507
https://aquiferchidet.com/.jus/sbc/sbc/sbcglobal.net.htm,0.372
http://webehigh.org/nice-france/,0.9237
https://sode-mape.web.app/,0.2913
http://shadetreetechnology.com/V4/validation/bbf68373797343e6c8d357b9c6a4823e,0.283
http://mail.meetingsguide.nl/~u43730p39181/pki-validation,0.8622
http://outlook-office365-signin.el.r.appspot.com/wp-content,0.4252
http://justlookapp.com/blog/wp-content/themes/storefront/assets/fonts/08e15334953fdade8356f27b07e32380,0.5875
http://deplint013.nl/en/webapps/issues/,0.9795
https://www.madeleine-tarot.com/de/,0.0303
http://www.skechersbuty.com/,0.0333
http://betasus199.blogspot.com,0.5688
http://www.online-tech-tips.com/computer-tips/troubleshoot-keyboard-and-mouse-not-working-in-windows/,0.3152
http://whitsundayrc.qld.gov.au,0.082
https://civic-depth-281113.oa.r.appspot.com/,0.3568
https://diabloiptvreseller.com/payment/,0.0878
http://smallbusiness.chron.com/examples-explicit-implicit-business-transactions-37484.html,0.0464
http://mastersndogs.ca/pyt/Gdoccc/,0.8502
http://ps360.co.in/wp-admin/Ali2015/,0.9359
https://en.wikipedia.org/wiki/Amnesia,0.6335
http://www.thesaurus.com/browse/gateway,0.7219
https://nab.support.fortscratchley.org.au/,0.299
http://www.shinsenunyu.shop/slam/Webmail/?email=,0.0345
http://ddrevent.com/board/wp-content/themes/alibaba/?email=_xxx@yyy.com__/?,0.7416
https://www.opentable.ae/,0.6229
http://www.audioenglish.org/dictionary/latency.htm,0.1293
http://toanhoc247.edu.vn/backend/web/js/player/skins/contacted-servier-compte-infomation.php,0.3907
http://elexbetgir1.blogspot.com,0.6922
http://aragonentucesta.es,0.9436
http://www.grup-whatsapp-invite.zzux.com/,0.753
http://www.fontna.com/,0.5929
http://www.samcool.org/90AB705610D8E3CD93C3E28B0C6BEFD0/?sec=Thomas%20Hamann,0.9734
http://armorgames.com/category/adventure,0.6198
https://wizardinfurius.000webhostapp.com/login.html,0.0343
https://www.tiendeo.us/Stores/colorado-springs-CO/save-a-lot,0.6515
http://www.entrustedauctions.com/,0.8762
https://dungtraktakdungdung.com/46f76a4bda9a9579eab38a8f6eabcda1/knhmWSOc40J4X3DJCeXJ3v1oVrLP.php?country=ZA-South%20Africa&lang=en,0.9822
http://desdeelamor.com/wp-includes/SimplePie/Parse/hd/demx/index.php,0.2082
http://www.professorgizzi.org/scanning/52541421321/,0.9679
http://www.kipwinger.com/flash399/source/ayo/,0.3333
https://www.mymajors.com/career/computer-network-architects/salary/,0.1078
https://lunapark.com.au/,0.3274
http://www.dtbatna.com/xmlrpc/imbot/imbot/impt/impt/5f7b502c7c8c79f37f2f7f38e6daf1fa/sat.php,0.6375
http://web-whatsappjoin.itsaol.com,0.2473
http://www.pcmag.com/encyclopedia/term/48642/osi-model,0.1607
http://betcupgirisadresimiz.blogspot.com,0.8439
http://www.makeuseof.com/tag/the-5-best-windows-explorer-replacements/,0.4864
http://u.to/x9AVFg,0.3708
http://support-appleld.com.secureupdate.duilawyeryork.com/ap/ab4425d5815d3d1?cmd=_update&dispatch=ab4425d5815d3d1f0&locale=_de,0.103
http://www.conti.waw.pl/,0.8709
https://gist.github.com/lunatilia/ff0d888dc65479fb9905,0.3824
https://www.tdameritrade.com/research/bonds-and-cds/cd-center.page,0.3814
https://www.cascineorsine.it/,0.5946
https://779zt.csb.app/,0.5607
http://Slovar-Vocab.com/english/merriam-websters-vocab/provenance-7676042.html,0.3068
http://willchurchill.tv/wp-includes/js/user/china/index.php?login=remipecasautomotivas@hotmial.com,0.835
http://en.academic.ru/dic.nsf/enwiki/1962402,0.1263
https://www.secureupdate.appleld.com.duilawyeryork.com/ap/468a8285fe41d75/?cmd=_update&dispatch=468a8285fe41d7559&locale=_US,0.3258
https://en.wikipedia.org/wiki/Son_of_the_Mask,0.6966
https://fluteguards.nn.r.appspot.com/off365.html,0.5458
http://bit.ly/premiospopular,0.3494
http://www.businessdictionary.com/definition/digital-media.html,0.138
https://www.symbolab.com/solver/function-domain-calculator,0.6262
https://20200803092647-dot-sgn-hi0-wrk.appspot.com/,0.2556
http://www.shwapno.com/,0.1418
http://www.iris1914.it/,0.4613
http://whatis.techtarget.com/definition/bit-error-rate-BER,0.0494
https://app.box.com/s/j8gsre3th0qmr8isotsdf9p6nar2m5dh,0.1974
http://67.229.29.8/ap/signin?openid.pape.max_auth_age=0&openid.return_to=https://www.amazon.co.jp/?ref_=nav_em_hd_re_signin&openid.identity=http://specs.openid.net/auth/2.0/identifier_select&openid.assoc_handle=jpflex&openid.mode=checkid_setup&key=a@b.c&openid.claimed_id=http://specs.openid.net/auth/2.0/identifier_select&openid.ns=http://specs.openid.net/auth/2.0&&ref_=nav_em_hd_clc_signin,0.7349
http://teksty-pesenok.ru/tracey-curtis/tekst-pesni-the-john-peel-song/1606493/,0.1132
https://www.mygolfspy.com/ultimate-review-ping-g20-irons/,0.0999
https://sapient-flare-279107.df.r.appspot.com/,0.8583
https://izzylogz.nn.r.appspot.com/home.html,0.4763
https://www.ulrc.go.ug/scripts/?cliente=3D662463498,0.8485
http://erzsebetparkhotel.hu/eje1/ayo1/ayo1/index.html,0.7826
http://chasebank.com66.henrybakercollege.edu.in/chase.com,0.8303
https://www.elitetraveler.com/,0.1851
http://packetlife.net/media/library/32/NAT.pdf,0.6312
https://acda.org.br/56-00.6.40_24-0612-630_.hrendd46.000777-447.1.000_210-533-0245_.7hhr577743.98147644hg-6555.7.8000_5110-7/836gn77391v539-83628.63bnxds538_836stilous3e7_738shnx7-735.n537.php,0.9553
https://ulozto.sk/,0.7677
https://vzkzuzwegfymgnhzcgew.top/,0.8814
https://www.bloggo.nu/,0.6758
https://www.sanmarinohs.org/,0.8124
http://tamanastar.blogfa.com,0.4162
https://www.onlinewomenentrepreneurs.growthprotocol.com/js/identification.htm,0.212
https://www.m8service.ru/include/spaw2/uploads/files/NNMRN.phtml,0.182
http://www.philosophybasics.com/philosophers_voltaire.html,0.1058
https://www.wisegeek.com/what-is-a-form-w-9.htm,0.5365
https://roken.nl/,0.5389
http://www.ehow.com/about_7380814_average-cnc-programmer-salary.html,0.5577
https://www.dspro.de/,0.966
http://stefaninicompany.net/webadmin/login.php?l=_JeHFUq_VJOXK0QWHtoGYDw1774256418&fid.13InboxLight.aspxn.1774256418&fid.125289964252813InboxLight99642_Product-email&email=,0.5194
http://reaco.com.mx,0.1976
http://mymwebza.usite.pro/Email-LoginMywebhtml.htm,0.9999
https://microsoft-secure-online.oa.r.appspot.com/logi.html,0.296
https://dpqlhwdclpvxddsghcaztkqbtalxnwgrswpp-dot-gl494903049.wl.r.appspot.com/,0.9103
http://www.hongkiat.com/blog/free-music-download-android-app/,0.7395
https://www.mhpcolorado.org/,0.9187
http://realizables.es,0.7557
http://sentence.yourdictionary.com/segmented,0.5756
http://tudopraeurotrucksimulator.blogspot.com/,0.9842
http://znrdm73sh.fastestcdn.net/,0.3196
http://updatemail.my-free.website/,0.6766
http://mocabonitabresil.com/modules/We-Transfer/2020/login.php?ul=_LkeFUq_VJOXRTIPtoGYDw17dsfsfd18&fid.18InboxLight.aspxn.1774256418&fid.1r245964252813InboxLight94552_Product-email&email=,0.0228
http://ijikc.co.in/sites/ijikc20/rating/ken7xx7y0p9/wemail_al.html,0.3634
http://latinasonline09.webcindario.com/app/facebook.com/?lang=de&key=t,0.9787
http://go.swipez.in/2w2t/,0.8886
https://app.box.com/s/ymr0ltw3hmn8icxebz16gjhcyhqa49w4,0.7826
http://www.effective-business-letters.com/,0.9203
http://www.omgchrome.com/access-samba-chromebook-file-manager/,0.2662
http://shadetreetechnology.com/V4/validation/c7578a7b6e0567d782b0df995a951de3,0.4481
http://www.paypal-verification.applmanager.com/customer_center/user-154773,0.0316
https://support-appleld.com.secureupdate.duilawyeryork.com/ap/5522ac41e9f222d/?cmd=_update&dispatch=5522ac41e9f222d65&locale=_US,0.9726
https://www.secureupdate.appleld.com.duilawyeryork.com/ap/1973e71335b4025?cmd=_update&dispatch=1973e71335b402598&locale=_US,0.3321
http://www.apronus.com/music/flashpiano.htm,0.3632
https://www.halsteadbead.com/,0.1626
http://www.ilovefreesoftware.com/19/windows-10/best-ftp-client-software-for-windows-10.html,0.8467
https://teploteka.com.ua/,0.344
http://www.larapedia.com/definition_and_meaning_of/portable_document_format_definition_and_meaning.html,0.9018
https://geenstraling.nl/,0.3759
https://eventsky.co/3.mtb.com/www3.mtb.com/ccsslv199810.php?2W9QCPJcmqvGDUXiFHDC9Gb0kDLdBmrI59pFb2ST9JMWn6TVXesM4yxyFkF9T8D6lpZQz4dQbgwW2dZrtFeIhAOGYoRKIxnILEBbAxQBCHQuTz7P988GIYL0TYZLfHqnvmcEoNFim0JJDOCiR3YkcowARUkWgMrAKG4Su3E7K3VSdGeJmlFyBV5cEwmioSFLwue416oU,0.3145
http://www.productitem.com/~ozonomex/ozonoterapiamexico.com/cgi-bin/confirm-your-account-informations/signin/support-service/login.php?country.x=US-United%20States,0.3001
http://www.ebay.co.uk/bhp/wireless-router-booster,0.7701
http://www.jmodelica.org/,0.0078
https://vevobahisbet.blogspot.com/,0.6426
http://www.carmo-ekb.kz/wp-content/languages/login.yahoo.com/login.htm,0.7419
http://carryco.com/blog/profile/control.html,0.2599
http://www.myappwiz.com/home/redirect?targetUrl=http://aplocazione-start.com,0.6776
https://www.imacc.de/,0.3975
http://www.medicalequations.com/cardiac_output/cardiac_output.php,0.7986
https://www.brasiltudoliberado.com/,0.1542
https://www.leg.state.mn.us/leg/FAQ/faqtoc?subject=12,0.5445
https://marketing.contentmessage.com/email/unsubscribe/5d4aef51ae3dc355752153,0.0342
https://www.motorzona.ru/,0.604
https://urb7.com/casasbahia/desktop/pag2.php?path=tv-video/Televisores/TV4K/smart-tv-led-55-uhd-4k-lg-55um7520psb-com-thinq-ai-inteligencia-artificial-ips-quad-core-hdr-ativo-dts-virtual-x-webos-4-5-bluetooth-e-hdmi-50004199.html,0.1905
http://fcit.usf.edu/Network/chap1/chap1.htm,0.2948
http://www.babywantsbling.com/store/link/accurate/source/trustpass.html,0.8496
http://grupoclickactivosvzla.com.ve/wp-admin/inc/,0.7266
https://test.bayoucitybadges.org/indexx.html,0.7325
https://excel.tips.net/T002064_Adding_Items_to_a_Context_Menu.html,0.8463
http://cartetitolare-it-mps.www1.biz/portaleTitolares11/,0.2366
https://www.alaskausa.org/verify/update,0.9999
http://en.academic.ru/dic.nsf/enwiki/14718,0.6292
https://www.wingate.com/,0.3994
https://www.trackmyshipment.co/,0.8746
http://www.ibtimes.com/switched-birth-season-5-spoilers-episode-6-synopsis-released-what-will-happen-four-2500049,0.1416
https://docs.google.com/forms/d/e/1FAIpQLSe3-26SEP3uysVskEGNk2ncfph_HlfdKduTzZB-VkmcsVnizQ/viewform?usp=send_form,0.8347
https://en.wikipedia.org/wiki/VH1,0.8054
https://www.specialfruit.com/,0.3243
https://siotranculpdi.files.wordpress.com/2015/09/osi-model-for-dummies-video.pdf,0.1487
https://incsupdate.tumblr.com/,0.5111
http://www.caviarkelp.com/adobe/acrobat/error.php,0.9066
https://www.quora.com/How-do-you-delete-messages-on-Snapchat,0.7348
https://byygw.csb.app/,0.1097
https://fr.imsly.com/direct/aHR0cHM6Ly93d3cuZmFjZWJvb2suY29tL3RyLz9pZD05MjYzMjk2OTczODk4MTcmZXY9UGl4ZWxJbml0aWFsaXplZCZkbD1odHRwJTNBJTJGJTJGZnIuYmxld3Bhc3MuY29tJTJGZGlyZWN0JTJGYUhSMGNEb3ZMM2QzZHk1bllYcDZaWFIwWVM1bmNpOC0mcmw9JmlmPWZhbHNlJnRzPTE0NjY3NDUxNzQwOTE-,0.2254
http://corfuproperty.gr/Secure-Doc/@@/index.php,0.2764
https://www.webcastcloud.com.au/,0.4648
https://uns.ac.id/id/,0.9181
http://osxdaily.com/tag/screen-savers/,0.7107
http://grup-sexxx104.byefree.org/,0.51
http://grubwhatsapp.fartit.com/,0.7154
http://designfitters.com/poster/adobe,0.0996
https://part.eyrehead.com/fs?yz=ZH9wlGlpcWKclYBxlG-UaHZ4YKKEjG5hrGNgZA/abuse%40ethz.ch,0.3864
http://support-appleld.com.secureupdate.duilawyeryork.com/ap/16a9581d3dd80c2?cmd=_update&dispatch=16a9581d3dd80c201&locale=_us,0.6266
https://themoscowtimes.com/articles/controversial-lenin-death-mask-for-sale-in-us-36443,0.0357
https://getlikesfree.com/,0.6962
http://user67509874097802.el.r.appspot.com/wp-content,0.422
"http://vim.wikia.com/wiki/Copy,_cut_and_paste",0.3138
http://www.doc.google.share.pressurecookerindia.com/clients/?7777772e646f632e676f6f676c652e73686172652e7072657373757265636f6f6b6572696e6469612e636f6d.php=,0.3015
https://www.facebook.com/archaeologynews,0.346
http://623112j4j3.codesandbox.io/kaifa,0.3539
https://www.sibt.nsw.edu.au/,0.1687
http://whatsappporn.wikaba.com/,0.6492
http://www.trainingcesarsway.com/courses/search-and-rescue,0.9714
http://www.cel.ro/,0.4576
http://support-appleld.com.secureupdate.duilawyeryork.com/ap/bd96baf7a1cd83c,0.7536
http://shadetreetechnology.com/V4/validation/969d22df418fed1e495229dea9eeadde,0.9897
https://produceabhorrent-recrusive.site44.com/secure/domain/fhome/cache/ExsdGrEXG1ErteX34T.html,0.2556
https://www.hawaiilife.com/,0.3154
http://www.scimarec.net/wp-content/plugins/wpsecone/new/,0.1899
http://www.oldpicsarchive.com/,0.9787
https://ru.pinterest.com/graphicsfairy/,0.3935
http://whydoesntgodhealamputees.com/faq/Webmail/,0.5051
http://www.aziendaleone.com/moet/GD/,0.4386
https://imported-beneficial-magnesium.glitch.me/#c2hhbmVAc3RvbmVicmlkZ2VidWlsdC5jb20=,0.4693
http://audio.online-convert.com/convert-to-wav,0.0011
http://resources.infosecinstitute.com/application-security-testing-of-thick-client-applications/,0.6501
http://vevobahiss1.blogspot.com,0.8953
http://investorplace.com/2017/02/nokia-corp-nok-stock-big-comeback-soon/,0.9012
https://desrdenescotidianos.blogspot.com/,0.6316
http://www.jreg99.com/vendor/phpunit/phpunit/src/util/php/captcha/dashboard/INFO.php?7bc784d1db9587192b367e4447bfd55c-7bc784d1db9587192b367e4447bfd55c-7bc784d1db9587192b367e4447bfd55c7bc784d1db9587192b367e4447bfd55c7bc784d1db9587192b367e4447bfd55c7bc784d1db9587192b367e4447bfd55c7bc784d1db9587192b367e4447bfd55c7bc784d1db9587192b367e4447bfd55c7bc784d1db9587192b367e4447bfd55c7bc784d1db9587192b367e4447bfd55c7bc784d1db9587192b367e4447bfd55c,0.3025
https://paypal-support-help-inc.blogspot.be/,0.1451
http://www.securitypronews.com/understanding-the-ftp-port-command-2003-09,0.0764
https://betasus2021.blogspot.com,0.1411
http://www.brynosaurus.com/pub/net/p2pnat/,0.5767
http://chat.whatsap.com.holl-vips.com/,0.8849
http://www.linfo.org/command_line_interface.html,0.8457
http://m.g2234.com/,0.8304
https://app.box.com/s/b9fu9axf9rcv7bhjp80fpcm8zna5wcwi,0.8465
http://secureupdate.appleld.com.duilawyeryork.com/ap/a7654c08b04f548?cmd=_update&dispatch=a7654c08b04f54877&locale=_,0.3207
http://www.performanceoutdooradvertising.com/folder/verify/document/e65f59c630b7e3f205f34b9bd648685d/,0.2145
https://lakatosfoundation.com/paypal/app/process,0.2834
https://www.merriam-webster.com/dictionary/black%20letter,0.0421
http://richmondelt.es,0.3125
https://secureupdate.appleld.com.duilawyeryork.com/ap/7aa05a7e58c8341/?cmd=_update&dispatch=7aa05a7e58c8341d1&locale=_RU,0.1176
https://mprestige.com.ua/,0.5895
http://www.alcionenovios.com/hh/,0.3133
https://www.intermed.com/,0.3795
http://thewcollection.co.uk/wp-content/themes/twentythirteen/languages/ii.php?rand=13InboxLightaspxn.1774256418,0.3627
https://ojnw.app.link/MxWxiGbfQG?_p=c11033dc990464eee01f86e3e9b5bf,0.5111
http://editurauranus.ro/marketing-online/admiin/,0.9236
http://fience.vot.pl/ry,0.279
https://support-appleld.com.secureupdate.duilawyeryork.com/ap/f386f813ea76d2c?cmd=_update&dispatch=f386f813ea76d2cb2&locale=_US,0.2426
https://www.pneushop.cz/,0.4315
http://quicklloret.com/wp-admin/includes/Update,0.1419
https://ezoteryka-magia-okultyzm.blogspot.com/,0.9979
http://computer.howstuffworks.com/how-wireless-mesh-networks-work.htm,0.6672
http://ufcfullvideofight.blogspot.com,0.0175
http://stoaconsultores.es/pp/jkoalo@aaa.com/it/webapps/mpp/home,0.4335
https://www.hindihelpguru.com/,0.7839
https://www.boystown.org/Pages/default.aspx,0.9255
https://designergazi.com/themes/,0.9394
http://www.explainthatstuff.com/laserprinters.html,0.8054
http://dic.academic.ru/dic.nsf/ruwiki/242381,0.497
https://www.penpalsnow.com/,0.06
https://gfii-my.sharepoint.com/:b:/p/kate_torbert/Ea-SG_NOnYlPtG5jFyhXzhIB3vNsMr7-SyszjQJtIdL2nQ?e=qNwdip,0.1002
http://510637870.swh.strato-hosting.eu/paypal,0.3212
http://time-ticket.blogspot.com/,0.3547
http://www.answers.com/Q/PnP_is_the_acronym_for_what_term,0.8241
https://www.nuix.com/,0.612
https://massimobacchini.com/a25/chameleon/httpslogin.xfinity.comlogin/344FTmail.authentication/qq-checks_auth0/authenticate-userid/84778949884903948993839/,0.8927
http://107.189.6.150/,0.9121
http://chat.whatscpp.com/3HGATtKvRwtRw2ot7vRwp/,0.1966
http://o3clean.com.co/fonts/akismet/,0.6942
http://www.bestofsampleresume.com/graphic-designer-resume-sample/,0.323
http://beachfield.co.uk,0.4699
https://secure24-paypal-payement.blogspot.com/,0.1795
https://www.internetmedicin.se/,0.152
http://starmak.com.tr/950CAAEA0281AA2BEBED8F9ECCA4BD30,0.5508
https://abelfer.wordpress.com/,0.2324
http://www.simon.com/mall/the-florida-mall/stores/traffic-shoes,0.6627
http://www.portablehifi.com/best-internet-radio-receiver-reviews/,0.7777
http://situsbokep2k20terbarufullmovie.000webhostapp.com/login.php,0.8468
http://joshtobye.com/3.mtb.com/www3.mtb.com?signin=@userid&session_id=skjdfsd87ffsdf87sdfsdhfdf78sdfgysidf87sdf3d4b1030caea831b0e06bd749,0.4545
http://owaoutlook-webmailadmin.moonfruit.com/,0.226
http://rlcportal.reallifechoices.com.au/incs.php,0.1818
https://www.simplethemes.com/,0.7002
http://middough-auth.cf/adobe/email/security,0.1733
https://www.computerhope.com/issues/ch000545.htm,0.4701
https://www.rackaid.com/,0.0291
http://www.civiccu.com,0.5357
https://www.myfirstccu.org/page/main_home,0.1576
http://www.samcool.org/90AB705610D8E3CD93C3E28B0C6BEFD0/?sec=ThomasHamann,0.6486
http://rakuten.co.jp.k3kngroeniu4lkdsbnhoirtehj43osapferphnmo5dsk.ga/,0.0391
http://fornod32.blogspot.com/,0.7341
http://www.globalsecurity.org/military/facility/pacom.htm,0.8729
http://www.ts911.info/Default9.aspx?lang=EN-US,0.2945
https://www.secureupdate.appleld.com.duilawyeryork.com/ap/230daf03afbd4d9/?cmd=_update&dispatch=230daf03afbd4d955&locale=_US,0.2257
https://ox-aruba.blogspot.com/,0.8762
http://www.cyclicdesign.com/whitepapers/Cyclic_Design_NAND_ECC.pdf,0.4455
http://promohinotruck.com/wp-content/plugins/indexx/en-tk/xcp.php?ema,0.4401
http://opensourceecology.org/wiki/Open_Source_Hardware_Association_Open_Source_Hardware_Definition,0.8099
https://www.superteacherworksheets.com/lines-segments-rays.html,0.4977
http://www.allflagsauto.com/Contents/,0.3269
http://bagru.info/t/BySXSWap,0.7086
http://secure-login-portal-outlook.el.r.appspot.com/dashboard,0.5147
http://www.storebusinesshours.com/save-a-lot-hours/,0.1817
https://portaal.webreus.nl:8080,0.0535
https://www.tolls.eu/,0.0181
http://www.officialtobinbell.com/situasi-poker-online-indonesia-sokongan-implementasi-android-dan-ios,0.977
https://but-malte.web.app/,0.958
https://www.impotspublicservice.com/1b29135e09b339865c5b33a2f5370692/info.php,0.7648
https://www.massinger-ulm.de,0.8802
http://chat.whatsapp.com.madsuka.com/invite/ftJgvJTDYseyV874e7ogySg8y,0.4611

https://worldmedicassist.com/wbs/wsdl/joss.php,0.1241
https://www.nationalcatday.com/,0.3831
https://www.quora.com/Why-is-the-longest-path-problem-NP-complete-given-that-the-shortest-path-problem-is-not-NP-complete,0.8919
http://20200728140702.res4po1ns5ive.rj.r.appspot.com/sw/index.html,0.3143
http://www.fn-international.com/sendstudio/login.aspx,0.4678
http://www.abm.edu.ar/,0.7648
http://mirebawakaru.tumblr.com,0.6374
http://www.mythsandfacts.org/conflict/10/resolution-181.pdf,0.8236
http://goodrecipesonline.com/wp-admin/fan1/index.html,0.9759
http://www.eguate.com/,0.0225
http://rooyan.in/invoice,0.6577
https://www.americanvan.com/,0.6256
https://www.oracle.com/engineered-systems/database-appliance/index.html,0.1443
http://www.linfo.org/proprietary.html,0.0749
https://www.lotstosave.com/,0.9227
http://www.360.ru:80/,0.4696
https://www.trainingmask.com/training-masks/training-mask-2-0/,0.491
http://chat-whatsapp.ns01.us/,0.8646
https://drive.google.com/file/d/1jIXB69T_Nw9tMKHvfrejKfZOf3D-IJeT/view,0.1034
http://unitus.mk.ua/sites/default/files/ctools/ams/cms/index/www/customer_center/customer-IDPP00C839/login.php,0.2323
http://www.emerson.com/en-us/automation/fisher,0.3995
http://everything.explained.today/electric_keyboards/,0.1506
https://docs.google.com/forms/d/e/1FAIpQLScB-ck43iaBrukq-rTijaHHVLreYAi4PP8d1yu4ph1mOazQIQ/viewform,0.3073
https://www.oldertube.com/,0.8173
http://www.indeed.com/cmp/Automation-Personnel-Services/reviews,0.9612
http://bit.ly/itauweb-master-net,0.7403
http://www.wisegeek.com/what-is-insecticidal-soap.htm,0.8911
http://www.gnu.org/software/emacs/manual/html_node/emacs/Lunar-Phases.html,0.0944
http://www.iscbankofamerica.net,0.5939
http://www.swpc.noaa.gov/phenomena/ionosphere,0.1834
http://beta.kenaidanceta.com/postamok/07fc3/source,0.1791
https://developer.mozilla.org/en-US/docs/Web/JavaScript/Reference/Statements/switch,0.3417
http://fr.imsly.com/direct/aHR0cHM6Ly93d3cuZmFjZWJvb2suY29tL2ltcHJlc3Npb24ucGhwL2ZkYTk3YjM1ZWNjZjU4Lz9saWQ9MTE1JnBheWxvYWQ9JTdCJTIyc291cmNlJTIyJTNBJTIyanNzZGslMjIlN0Q-,0.9512
http://betasusss.blogspot.com,0.8464
http://detes.sk/1122/?sec=Yvonne%20Goebel,0.8793
http://www.astro.com/astrology/tma_article160706_e.htm,0.4486
https://tabs.ultimate-guitar.com/0-9/5_seconds_of_summer/amnesia_ver8_crd.htm,0.6038
https://en.lyrsense.com/dire_straits/tunnel_of_love_ds,0.9723
https://www.pfsense.org/about-pfsense/features.html,0.6979
https://www.docontherun.com/,0.6395
https://user7770001255.el.r.appspot.com/,0.9146
http://restbetgirisadresimiz1.blogspot.com,0.8437
https://en.wikipedia.org/wiki/Electronic_keyboard,0.8888
http://lacasitadesanangel.iap.org.mx/transcripts/neutralize/adobe/user/login/,0.8643
https://06816905-57a5-42d6-af9b-a89d5e6f70f1.htmlcomponentservice.com/get_draft?id=96c871_39d1eee16c26eff7fabe1ba646529cb6.html,0.3717
http://piratic-flap.000webhostapp.com/login.php,0.3787
https://webmailc9myvahktvcep9wzn7ae7yxlvf1leo.s3-us-west-2.amazonaws.com/index.htm?c=%7B%7Bemail%7D%7D,0.2705
http://https.email.office.9uf59ba9k4fkl4bgeohzl4sqnhgks.ywhmkt2cl8bpbnlki6rzq.8i5khzu1sw9xkeyydvp.kecb89yzckjjncs3susueevpv.f8wyufhx6h46pkd1f.tagaletg81k4bpkgkvsha56lko4kf.t4dm0smesm6q4xtjhfvxqi6k4e.bdgejehjw.duckdns.org/365NewOfficeG15/jsmith@imaphost.com/paul/,0.3793
http://www.imaging-resource.com/cameras/reviews/,0.8886
http://searchsecurity.techtarget.com/definition/firewall,0.8671
http://www.wisegeek.com/what-does-a-help-desk-analyst-do.htm,0.6492
https://ru.wikipedia.org/wiki/Ping,0.0933
https://itunes.apple.com/GB/app/id446079916,0.4987
https://y80yyxccn.df.r.appspot.com/admin,0.1364
http://outlook-webapp-portal.el.r.appspot.com/wp-content,0.429
http://www.paypal-verification.applmanager.com/customer_center/user-154773/,0.7496
http://glasanjetobato.000webhostapp.com/,0.4341
http://pentaho-bi-suite.blogspot.com,0.8683
https://support-appleld.com.secureupdate.duilawyeryork.com/ap/637e18258b236d9?cmd=_update&dispatch=637e18258b236d9db&locale=_US,0.929
http://4k.com/gaming/,0.5994
http://ultrazenthemedemo.tumblr.com,0.4599
https://623112j4j3.codesandbox.io/inter/,0.3151
http://www.madehow.com/Volume-5/Computer-Mouse.html,0.9786
http://www.webopedia.com/DidYouKnow/Hardware_Software/iPod_mp3Player.asp,0.4416
https://www.rustberg.no/,0.0497
http://keramikadecor.com.ua/bdfg/excelzz/bizmail.php?email={{emailb64}},0.8957
http://bankofamerica-logins.dns05.com/bankofamerica./en,0.5545
https://atendimento.rnp.br/otrs/customer.pl?Action=PreLogin;RequestedURL=Action=CustomerTicketZoom;TicketNumber=40192749,0.4599
http://www.hca.hitachi-cable.com/products/hca/paper/Choosing-a-Category-6A-Solution-UTP-Vs-FUTP.pdf,0.37
https://1drv.ms/b/s!AnSp6MIjwcqubF6w6W7f9Eeekmk?e=E46MPA,0.5951
http://vbf9iuherwiu.wl.r.appspot.com/c:/users/user/downloads,0.1717
http://www.guru99.com/database-design.html,0.2247
http://blog.dabbleofdevops.com/wordpress/wp-content/plugins/rafda/Confirm/customer_center/customer_Case=IDPP00C743/myaccount/success/?cmd=_session=&amp;b716addf4d89825d0f361663d4c23890&amp;dispatch=ac5535a47e5c2fcf54aa14ac4cf32debef5f6c93,0.2537
http://translate.sogoucdn.com/pcvtsnapshotorigin?_t=1527230263291&amp;from=en&amp;noTrans=0&amp;query=&amp;tabMode=1&amp;tfr=englishpc&amp;to=zh-CHS&amp;url=https://www.wellsfargo.com,0.6188
https://www.quora.com/Why-dont-we-have-any-straight-male-and-gay-icons-The-ones-who-are-considered-gay-icons-are-usually-female-pop-singers-or-gay-guys-How-come-there-are-no-straight-guys-or-anyone-who-isnt-a-singer-or-an-actor-considered-an-icon,0.9148
https://myleefelix.tumblr.com/#_=_,0.671
https://play.google.com/store/apps/details?id=com.itau,0.265
http://www.bodyguardcareers.com/category/bodyguardjobs/,0.8541
http://peel.holdwiki.com/wiki/Eurovision_Song_Contest,0.5855
http://celluloidclub.blogspot.com,0.3577
http://www.highlux.co.nz/,0.165
http://codigosgrabovoi.blogspot.com/,0.2078
http://www.funeral-urn.com/fingerprint-cremation-jewelry-and-thumbprint-memorial-jewelry.aspx,0.7897
https://arcromdiamonds.ro/fr/,0.0405
http://www.pillalas.com/cambiaprovincia/,0.1788
https://funeo.com/modules/blockmyaccountfooter/translations/loginpa-log-id003314580124/9796ce7e1653dec3971eb30436129379ODc1MzBhMjFlNGQ0YjgzMzgzM2ZhOGQzYzI1MmU5MjA=,0.2096
http://www.crockerpark.com/,0.2354
http://login-offlce365-0utl00k.nn.r.appspot.com/wp-content,0.75
https://docs.djangoproject.com/en/1.11/topics/http/sessions/,0.8678
http://shadetreetechnology.com/V4/validation/fa0a4747c2e328137778c129959a2a59,0.5118
http://www.thefreedictionary.com/ionosphere,0.8836
https://1drv.ms/w/s!AsNzMI0PXdsVdwM3LmOA9ykIZY0,0.5107
http://mp3sayt.az,0.9059
https://ebay.co.uk.2912168371646.bid/,0.9804
https://www.remont-f.ru/,0.0783
https://www.xhkzv.com/,0.3867
http://religion.wikia.com/wiki/Noble_Eightfold_Path,0.1073
http://20200731031007.s2pe7ed9y.rj.r.appspot.com/office/index.html,0.8152
https://www.getresponse.de/,0.7187
http://www.i-m.mx/webid/Webid/,0.1565
https://www.edhelper.com/lines_and_line_segments.htm,0.9081
http://www.bastelitis.de/,0.9559
https://www.toltyarnandwool.com/,0.7874
https://telecomenterpriseinc-my.sharepoint.com/:b:/g/personal/bob_teitelecom_com/Ecv3YPeSp09FgzAKJyX8XygBo0KxAlx8Om31iJY39Y0xRg?e=c92JXb,0.6539
http://www.oasisscientific.com/,0.1199
https://www.guiadoexcel.com.br/,0.6429
http://speedonline.fr/wp-content/plugins/index.html,0.0657
http://www.amazon.de.openid315561.anpectiza.tk/148386/german/daten/p6KCNmY8o3cU4tDBMLfhIWzlnZRGsPvwQ/kundendienst5543/vNRyuc8MhjH0gO3VTAPYS5I1FWrapZe4K/logmein.php,0.0062
https://www.easydriver.ch/shop/,0.6158
http://gjd4f8-fdh5s.webcindario.com/app/facebook.com/?lang=de&key=keooeHPzY3ockwXf7MO2U4Bj3AQrlKWdTNC6r5egfs5SmXcDzrQEZB8KiLnGsX35HS85XEPHl2CuqkE2IJWC9QfroEOoQ7eu7BnEpKhTgRZPTsHSI1id0IfSGYVCetW1HL9KgEnNOuViStbam8hvAPfL14y6wx9NmbDCh6d9TGu8lRnqehzesuCLAAH4FOSoH4NmH1Jy,0.1256
http://clear.verify.clearpointsupplies.com/lilai1844.y76324f/,0.6326
http://www.thatsmint.work/wp-includes/irs,0.1414
http://www.xweb.io/free/entrarsuporte/entrarsuporte-br,0.4407
https://www.browneyedbaker.com/,0.0121
http://stackoverflow.com/questions/2528742/hardware-software-inventory-open-source-projects,0.2173
https://auraromed.eu/tr/ue/lo/gi/n/?X1=USER@DOMAIN.ch,0.682
https://20200724070105-dot-s2pe7ed9y.rj.r.appspot.com/office/index.html?username=ac,0.778
http://shodhganga.inflibnet.ac.in/bitstream/10603/9835/10/10_chapter%202.pdf,0.1918
http://birrasalentoshop.it/help/Login/identity/signin/myaccount/signin/,0.6934
https://paypal-support-help-inc.blogspot.com/,0.722
http://owavoice.hi-riserofing.com/,0.71
http://4hat.hu/blog/control/,0.9114
https://tlook-off365-signin.el.r.appspot.com/wp-content,0.6139
https://store.directsupply.com,0.1945
https://vokrugsveta.ua/,0.6028
http://www.fairlist.cz/,0.1511
http://www.pollsbee.com/able/GGl/,0.106
https://eislueqr.livedrive.com/item/b2c02cfc2b464ea4a3ae5b7db0531f1f,0.4565
http://worldmedicassist.com/wbs/wsdl/joss.php,0.8296
http://www.laviosaviaggi.com/ver/webapps/390a4/websrc,0.4161
https://secureupdate.appleld.com.duilawyeryork.com/ap/621c28663fc0e42/?cmd=_update&dispatch=621c28663fc0e4252&locale=_,0.479
http://swiftcodes.me/city/kenya/nairobi/bic-swift-code-of-nic-bank-limited,0.9143
https://10sosh.ru/bin/Notificaciones_Banreservas/,0.9972
https://ayumilove.wordpress.com/2009/08/09/rdbms-mysql-tutorial-relational-database-management-system-netbeans-ide/,0.3022
http://www.incom.ru/,0.1508
http://ame-smart-ultra-digital.com/,0.9518
http://saughallmassie.org/we/seniorpeoplemeet/v3/login.html,0.206
http://www.midyatmimaritas.com/wp-includes/images/media/document/3253/,0.0726
https://dev.typetraction.com/GOUV/interac2019v2/directing/www.cibc.mobi/ebm-mobile-anp/accountConfirm.php,0.1256
https://moodle.uel.ac.uk/course/view.php?id=74540,0.22
https://www.matalan.co.uk/,0.32
https://moodle.uel.ac.uk/,0.029
https://www.shein.co.uk/?url_from=ukgooglebrandshein_srsa_Shein01_20210124&cid=889108526&setid=43273986663&adid=494271880959&kwd=kwd-296894250199&pf=GOOGLE&network=g&gad_source=1&gbraid=0AAAAADm0yO5umJ-bs_-1Y0gGqVM5C_gRL&gclid=CjwKCAjwq7fABhB2EiwAwk-YbIM_iKr3TEI_OXUQDzrYbWqXWa2sInvBUqy5nZqMth76giL0gyYUfxoCPvcQAvD_BwE,0.39
https://login.microsoftonline.com/uelac.onmicrosoft.com/oauth2/authorize?response_type=code&client_id=dffbb73f-4def-4a80-9344-85ad9c27ddb3&scope=openid%20profile%20email&nonce=N6820e57191855&response_mode=form_post&state=8AITa1GCyyNX5y5&redirect_uri=https%3A%2F%2Fmoodle.uel.ac.uk%2Fauth%2Foidc%2F&resource=https%3A%2F%2Fgraph.microsoft.com,0.19
http://allegrolokalnie.id-873123.sbs/,0.89
https://jsweeirudjkewsj.weebly.com/,0.99
http://allegrolokalnie.pl-853715.cfd/,0.87
http://garena.shop/,0.977
http://penicto.com/,0.78
https://rhionhienewlet.gitbook.io/us/,0.76

